c_customer_sk,c_customer_id,c_current_addr_sk,c_first_shipto_date_sk,c_first_name,c_last_name,c_birth_country,c_email_address
8723,AAAAAAAADBCCAAAA,31797,2451743,Opal,Uribe,CANADA,Opal.Uribe@S8823R1Q.edu
51761,AAAAAAAABDKMAAAA,47841,2451486,Joshua,Burden,CANADA,Joshua.Burden@TzX00HhFyX.edu
4046,AAAAAAAAOMPAAAAA,36468,2450208,Helen,Milligan,CANADA,Helen.Milligan@E5ZRE5UKi3.edu
60494,AAAAAAAAOEMOAAAA,7737,2450464,Verna,Ferrara,UNITED STATES,Verna.Ferrara@fPe.org
7694,AAAAAAAAOAOBAAAA,9129,2451232,William,Lee,MEXICO,William.Lee@SOFzjtt2J3EbE.com
9473,AAAAAAAABAFCAAAA,26465,2449697,Grace,Medina,MEXICO,Grace.Medina@81L.edu
14600,AAAAAAAAIAJDAAAA,28689,2449953,Billie,Edmonds,CANADA,Billie.Edmonds@e.edu
92334,AAAAAAAAOKIGBAAA,40076,2449953,Esther,Bouchard,MEXICO,Esther.Bouchard@nhA.edu
64980,AAAAAAAAENNPAAAA,12359,2450465,Kathy,Welch,CANADA,Kathy.Welch@GPn6ul.org
2176,AAAAAAAAAIIAAAAA,23733,2451489,Leona,Gregg,CANADA,Leona.Gregg@BgERZl1.org
27036,AAAAAAAAMJJGAAAA,25518,2449698,Mona,Ewing,CANADA,Mona.Ewing@VSrSVbmjVGm.com
97238,AAAAAAAAGNLHBAAA,24655,2449698,Alexander,Williams,UNITED STATES,Alexander.Williams@674C0ta1D.org
3981,AAAAAAAANIPAAAAA,22839,2449954,Deborah,Hughes,UNITED STATES,Deborah.Hughes@mBfxRfpPa.com
51017,AAAAAAAAJEHMAAAA,27765,2450722,Robert,Lee,CANADA,Robert.Lee@T0TFgTxqyg.edu
98051,AAAAAAAADAPHBAAA,30384,2451234,Charles,Pike,CANADA,Charles.Pike@iQDfcrxzdA2.edu
27062,AAAAAAAAGLJGAAAA,12511,2450467,Alphonso,Wright,MEXICO,Alphonso.Wright@VUAhhqJSP.org
17726,AAAAAAAAODFEAAAA,1984,2450723,Heather,Cook,MEXICO,Heather.Cook@fXDX59VKfOY.org
44486,AAAAAAAAGMNKAAAA,43433,2452515,William,Gonzalez,UNITED STATES,William.Gonzalez@oljDjfX7Uc.edu
39731,AAAAAAAADDLJAAAA,13252,2449188,Katherine,Jackson,CANADA,Katherine.Jackson@ki7zmo6.edu
15342,AAAAAAAAOOLDAAAA,25802,2449700,Brian,Couture,CANADA,Brian.Couture@RPap2Eh3.org
15712,AAAAAAAAAGNDAAAA,4932,2449956,Homer,Bartlett,CANADA,Homer.Bartlett@M2FVPA.org
20916,AAAAAAAAELBFAAAA,22196,2450724,Anne,Pickett,MEXICO,Anne.Pickett@9v5tTtHaudX1QhVU.com
1348,AAAAAAAAEEFAAAAA,21669,2452516,Charles,Fink,CANADA,Charles.Fink@5cPLD.com
6915,AAAAAAAADALBAAAA,22066,2449957,Barbara,Jackson,CANADA,Barbara.Jackson@6Q12dh4nDS9Ffh2pl.com
25473,AAAAAAAABIDGAAAA,333,2450213,David,Mendez,UNITED STATES,David.Mendez@oRc.com
48488,AAAAAAAAIGNLAAAA,49446,2451493,Robert,Osborne,MEXICO,Robert.Osborne@R4yGoTlmZdHb3.org
94013,AAAAAAAANDPGBAAA,5356,2451749,James,Mcleod,MEXICO,James.Mcleod@H6HnlfooYYoklqe.com
54775,AAAAAAAAHPFNAAAA,40587,2452261,Sarah,Thrasher,CANADA,Sarah.Thrasher@choTOO.org
67170,AAAAAAAACGGABAAA,10596,2452261,Theresa,Sharp,UNITED STATES,Theresa.Sharp@6uI8DzdC9ty0.com
8535,AAAAAAAAHFBCAAAA,2023,2452517,Keri,Bernard,UNITED STATES,Keri.Bernard@zyT8R07glU.edu
17424,AAAAAAAAABEEAAAA,4641,2452517,Angela,Wright,CANADA,Angela.Wright@aNIYBClVO.com
96675,AAAAAAAADKJHBAAA,31038,2449446,Norma,Thomas,UNITED STATES,Norma.Thomas@RSYR5eAOZapcHcVq1OB.org
43769,AAAAAAAAJPKKAAAA,4754,2450214,Reynaldo,Schroeder,MEXICO,Reynaldo.Schroeder@TB0n.com
83235,AAAAAAAADCFEBAAA,32465,2450214,Dean,Huntley,UNITED STATES,Dean.Huntley@HI3N.org
88884,AAAAAAAAEDLFBAAA,9323,2450726,Sarah,Packard,CANADA,Sarah.Packard@CY3PTrQHe.com
72948,AAAAAAAAEPMBBAAA,1276,2451494,Latoya,Shaw,UNITED STATES,Latoya.Shaw@9Ayn88JdQZN8aReBNli.org
92915,AAAAAAAADPKGBAAA,5497,2452006,Marian,Irby,UNITED STATES,Marian.Irby@z1DzkUlt.edu
36341,AAAAAAAAFPNIAAAA,38241,2452262,Dianne,Peterson,MEXICO,Dianne.Peterson@bayAN71AlYp39vL.com
40105,AAAAAAAAJKMJAAAA,37375,2452262,Robert,Hernandez,MEXICO,Robert.Hernandez@Mi.edu
78533,AAAAAAAAFMCDBAAA,21394,2450727,Linda,Williams,MEXICO,Linda.Williams@QEzMNIHiym.org
12519,AAAAAAAAHOADAAAA,22115,2450983,Nicholas,Guevara,UNITED STATES,Nicholas.Guevara@N5NF.org
58884,AAAAAAAAEAGOAAAA,47032,2451239,Gregory,Cornell,UNITED STATES,Gregory.Cornell@gNNvOTlGEOhMe4qkYy.edu
68718,AAAAAAAAOGMABAAA,45942,2450472,Wilbur,Ray,UNITED STATES,Wilbur.Ray@z9dgU9dF0V5NcQ8nO.com
48715,AAAAAAAALEOLAAAA,40663,2449706,William,Smith,CANADA,William.Smith@my.edu
17458,AAAAAAAACDEEAAAA,19473,2449962,James,Obrien,UNITED STATES,James.Obrien@5JOSUcujc5aO4.edu
39951,AAAAAAAAPAMJAAAA,46666,2449451,Eun,Shea,MEXICO,Eun.Shea@6ZFZ5YP7S.edu
55378,AAAAAAAACFINAAAA,48257,2450219,Herman,Hill,MEXICO,Herman.Hill@9qYt2iQLXet6Zx.org
85298,AAAAAAAACDNEBAAA,38499,2450475,Carlos,Garner,MEXICO,Carlos.Garner@kthtV0N34Y.com
99410,AAAAAAAACFEIBAAA,4828,2449196,Anita,Richardson,CANADA,Anita.Richardson@eVvquh6i.edu
16840,AAAAAAAAIMBEAAAA,427,2449708,Joseph,Jenkins,CANADA,Joseph.Jenkins@Ix04.org
91147,AAAAAAAALAEGBAAA,20065,2450988,Kenneth,Richards,CANADA,Kenneth.Richards@N0g2XE.edu
2216,AAAAAAAAIKIAAAAA,38649,2452012,Rose,Chalmers,UNITED STATES,Rose.Chalmers@ve.com
3876,AAAAAAAAECPAAAAA,9419,2452524,Kareem,Arellano,MEXICO,Kareem.Arellano@CXRILtJ7Sd6y2CjS9.org
4868,AAAAAAAAEADBAAAA,33454,2449197,Jeff,Schmidt,MEXICO,Jeff.Schmidt@ysuU7dS4KgEd3kRBJ2.com
56985,AAAAAAAAJJONAAAA,4416,2452014,Charles,Cochran,UNITED STATES,Charles.Cochran@95kz3r.org
7008,AAAAAAAAAGLBAAAA,14107,2451247,Hilda,Richardson,MEXICO,Hilda.Richardson@oUq6oQniO3Xm81oTghUk.org
33376,AAAAAAAAAGCIAAAA,35953,2452015,Juana,Adams,MEXICO,Juana.Adams@SNV.edu
95013,AAAAAAAAFCDHBAAA,19874,2452015,Phillip,Haas,MEXICO,Phillip.Haas@yPPgVSkqT.org
84849,AAAAAAAABHLEBAAA,36745,2451248,Neil,Johnson,CANADA,Neil.Johnson@IvaR1PHz.com
41009,AAAAAAAABDAKAAAA,8521,2450993,Dorothy,Jack,CANADA,Dorothy.Jack@KkmZ4Imm3T.com
64582,AAAAAAAAGEMPAAAA,40253,2450482,Mariam,Burke,CANADA,Mariam.Burke@ZK.org
95852,AAAAAAAAMGGHBAAA,11570,2451250,Evelyn,Aldrich,CANADA,Evelyn.Aldrich@pezr0niHV6aQ24Y.edu
62591,AAAAAAAAPHEPAAAA,26979,2450739,Paul,Belcher,CANADA,Paul.Belcher@AUs7QGDN0l4fjIec.org
85948,AAAAAAAAMLPEBAAA,31909,2450740,Alejandra,Garner,MEXICO,Alejandra.Garner@JbjLlYKbs.org
44415,AAAAAAAAPHNKAAAA,6175,2449717,Charles,Barr,CANADA,Charles.Barr@nkxyGah72Qt.org
99474,AAAAAAAACJEIBAAA,6249,2450229,Peggy,Forte,UNITED STATES,Peggy.Forte@JMEjj.edu
63230,AAAAAAAAOPGPAAAA,44301,2449462,Thomas,Norton,UNITED STATES,Thomas.Norton@41CR70eg2OUqi.org
43674,AAAAAAAAKJKKAAAA,12182,2449207,Michael,Orta,MEXICO,Michael.Orta@XpMn2kc.org
31782,AAAAAAAAGCMHAAAA,14930,2449719,Heather,Miller,MEXICO,Heather.Miller@8upQdZo0M.org
26634,AAAAAAAAKAIGAAAA,49519,2450231,Rod,Griffith,CANADA,Rod.Griffith@Aem2tQmTuiE.com
91140,AAAAAAAAEAEGBAAA,22545,2450743,Heather,Embry,MEXICO,Heather.Embry@Mg.edu
69498,AAAAAAAAKHPABAAA,45653,2452279,Roger,Andrews,MEXICO,Roger.Andrews@kARB3N9Aka7v.com
19009,AAAAAAAABEKEAAAA,38451,2449976,Lois,Manning,CANADA,Lois.Manning@0TJsdRPN99.edu
33290,AAAAAAAAKACIAAAA,43775,2451256,Michael,Self,UNITED STATES,Michael.Self@z3n4.org
87777,AAAAAAAABOGFBAAA,38131,2449209,William,Vazquez,MEXICO,William.Vazquez@yASASFe3YJ.org
24136,AAAAAAAAIEOFAAAA,6291,2449466,Amy,Johnston,CANADA,Amy.Johnston@20snH.org
39068,AAAAAAAAMJIJAAAA,952,2450490,Lori,Honeycutt,CANADA,Lori.Honeycutt@DpJ1.org
8166,AAAAAAAAGOPBAAAA,26756,2452539,Michael,Fultz,MEXICO,Michael.Fultz@cCXmqpJpa0SlSBjh.edu
37542,AAAAAAAAGKCJAAAA,19250,2449724,Bill,Vest,UNITED STATES,Bill.Vest@idpQ8ny9f.com
66360,AAAAAAAAIDDABAAA,1378,2450492,Wilma,Jackson,UNITED STATES,Wilma.Jackson@SqP.com
20518,AAAAAAAAGCAFAAAA,25063,2451004,Laura,Kendrick,CANADA,Laura.Kendrick@RYmcaIyNXHD1.edu
47898,AAAAAAAAKBLLAAAA,23150,2451772,Neil,Mckee,MEXICO,Neil.Mckee@7a8zTi.edu
80164,AAAAAAAAECJDBAAA,43160,2452028,Susan,Kane,MEXICO,Susan.Kane@0Q9.edu
87091,AAAAAAAADDEFBAAA,42666,2451261,Robert,Stanford,CANADA,Robert.Stanford@daRpLx8sp5p2P1aSjD.edu
60506,AAAAAAAAKFMOAAAA,34611,2451517,Ryan,Adams,MEXICO,Ryan.Adams@Hq.org
31118,AAAAAAAAOIJHAAAA,7444,2449214,Amy,Rosado,CANADA,Amy.Rosado@5ZrYr9p.edu
11285,AAAAAAAAFBMCAAAA,41905,2452542,Michael,William,CANADA,Michael.William@0STd4.edu
75913,AAAAAAAAJIICBAAA,41294,2451519,Tashia,Lott,CANADA,Tashia.Lott@ANN8VC.org
49807,AAAAAAAAPICMAAAA,14309,2452031,Brandon,Davis,MEXICO,Brandon.Davis@7V7m.edu
85524,AAAAAAAAEBOEBAAA,27271,2452287,Colleen,Taylor,MEXICO,Colleen.Taylor@NcnAiUrUu.org
265,AAAAAAAAJABAAAAA,14346,2449728,Laura,Pham,UNITED STATES,Laura.Pham@mxCbEghi5Y.com
97242,AAAAAAAAKNLHBAAA,41394,2449984,Lacey,Watts,CANADA,Lacey.Watts@68bt4y.org
1570,AAAAAAAACCGAAAAA,20344,2450240,Ernest,Grace,UNITED STATES,Ernest.Grace@9BygMa5Y.edu
20555,AAAAAAAALEAFAAAA,14702,2450752,Alton,Hatley,MEXICO,Alton.Hatley@Ae.org
5774,AAAAAAAAOIGBAAAA,16073,2452288,Joanne,Chisolm,CANADA,Joanne.Chisolm@yVABzgtKToxcco.com
84531,AAAAAAAADDKEBAAA,19513,2449217,Rhonda,Haskell,UNITED STATES,Rhonda.Haskell@YvrNL4F.com
30620,AAAAAAAAMJHHAAAA,7401,2450753,Danielle,Posey,UNITED STATES,Danielle.Posey@xoCnk6ONhyQEUSS.edu
80971,AAAAAAAALEMDBAAA,41087,2449730,Julia,Schultz,MEXICO,Julia.Schultz@3k5aK.org
22624,AAAAAAAAAGIFAAAA,30901,2449986,Marilyn,Schmidt,MEXICO,Marilyn.Schmidt@Ln6hp6ms5Ah6.com
61932,AAAAAAAAMOBPAAAA,11693,2449986,William,Campbell,CANADA,William.Campbell@9xv7SVTisph5dQ9A.com
